id;name;cia;date;time;type;synopsis;location;hasLibras;image;;;;;;;;;;;;;;;;;
1;Paradinha da Rua de Natal;;2025-12-05;18:00;paradinha;Com muita música, brilho e alegria, a Paradinha da Rua de Natal abre o caminho da festa! Este ano, quem conduz o cortejo são as Guardiãs do Natal — Coralina, Bravalina, Risinho e Uny. Juntas, elas lideram o desfile pelas ruas do centro de Itapevi espalhando a magia. Colorida e vibrante, a paradinha tem início na Praça 18 de Fevereiro e convida o público a seguir junto até a Rua de Natal, para a realização do Espetáculo de Luzes. Nesses dias especiais, após o acendimento da rua, as Guardiãs sobem ao palco para a performance  “O Despertar das Guardiãs”.;Praça 18 de Fevereiro;true;paradinha da rua de natal.jpg;;;;;;;;;;;;;;;;;
2;Espetáculo de Luzes;;2025-12-05;19:00;espetaculodeluzes;"Diariamente a Rua de Natal ganha vida com vida com o Espetáculo de Luzes. A experiência imersiva e emocionante, transforma a rua em um cenário iluminado e repleto de encanto. 
Em 2025 quem conta essa história são as Guardiãs do Natal.  Elas convidam o público a embarcar nessa aventura até o grande momento do acendimento da Rua de Natal.";Rua Leopoldina de Camargo, 260;true;espetáculo de luzes.jpg;;;;;;;;;;;;;;;;;
3;Chegada do Papai Noel;;2025-12-05;19:00;papainoel;A Chegada do Papai Noel é o ponto alto das noites da Rua de Natal de Itapevi, e acontece logo após o Espetáculo de Luzes. O bom velhinho surge em meio ao brilho das luzes e à música, saudando o público. Após sua chegada, é oficialmente aberta a Vila do Natal — um espaço especialmente preparado para receber as crianças que desejam tirar fotos, entregar suas cartinhas e viver de perto a magia do Natal.;Rua Leopoldina de Camargo, 260;true;chegada do papai noel.jpg;;;;;;;;;;;;;;;;;
4;Estupendo Circo di SóLadies ;Circo di SóLadies |Nem SóLadies;2025-12-05;19:30;circo;Após muito tempo trabalhando em diversos teatros e circos, cansades dos mandos e desmandos dos patrões, três palhaces decidem criar seu próprio circo e rodar pelo mundo. A adaptação de cenas clássicas do circo tradicional, música, poesia e interação com a plateia compõem as apresentações de Estupendo Circo di SóLadies, levando o universo feminino em sua trajetória cômica, para crianças, jovens e adultos.;Praça 18 de Fevereiro;true;CréditoSissyEiko_Estupendo02jpg - Circo di SóLadies e Nem SóLadies também!.jpg;;;;;;;;;;;;;;;;;
5;Marcelo Nakamura;;2025-12-05;21:00;musica;O cantor e compositor manauara Marcelo Nakamura apresenta um show autoral que destaca a diversidade rítmica e cultural da Amazônia, dialogando com diferentes expressões da música brasileira. O artista reúne influências do boi-bumbá, cumbia, beiradão, carimbó e brega, entre outros ritmos regionais, resultando em um espetáculo dançante e cheio de identidade. Acompanhado por uma banda completa, Marcelo Nakamura propõe uma experiência sonora que valoriza as tradições amazônicas ao mesmo tempo em que incorpora elementos contemporâneos, reafirmando seu compromisso com a difusão da música popular amazônica e brasileira.;Rua Leopoldina de Camargo, 260;true;AP1-1172-ts1759505840 - Marcelo Nakamura.jpg;;;;;;;;;;;;;;;;;
6;Espetáculo de Luzes;;2025-12-06;19:00;espetaculodeluzes;"Diariamente a Rua de Natal ganha vida com vida com o Espetáculo de Luzes. A experiência imersiva e emocionante, transforma a rua em um cenário iluminado e repleto de encanto. 
Em 2025 quem conta essa história são as Guardiãs do Natal.  Elas convidam o público a embarcar nessa aventura até o grande momento do acendimento da Rua de Natal.";Rua Leopoldina de Camargo, 260;true;espetáculo de luzes.jpg;;;;;;;;;;;;;;;;;
7;Chegada do Papai Noel;;2025-12-06;19:00;papainoel;A Chegada do Papai Noel é o ponto alto das noites da Rua de Natal de Itapevi, e acontece logo após o Espetáculo de Luzes. O bom velhinho surge em meio ao brilho das luzes e à música, saudando o público. Após sua chegada, é oficialmente aberta a Vila do Natal — um espaço especialmente preparado para receber as crianças que desejam tirar fotos, entregar suas cartinhas e viver de perto a magia do Natal.;Rua Leopoldina de Camargo, 260;true;chegada do papai noel.jpg;;;;;;;;;;;;;;;;;
8;FunkSoulGroove;Cia Chemical Funk;2025-12-06;19:30;danca;"A apresentação de dança interativa convida o público a viver a atmosfera divertida e contagiante, inspirada no programa da TV norte-americana “Soul Train”, veiculado no canal CBS a partir de 1971. Os dançarinos promovem uma grande improvisação de movimentos e passos, resgatando a essência dos bailes e das “social dances” da década de 60 até os dias atuais.
No repertório de passos e sons, o público faz uma viagem por estilos como “cyphers” de improviso, “lines” de passos marcados, e “pocket shows”, que são performances sincronizadas. Tudo com a trilha sonora de grandes sucessos de James Brown, Aretha Franklin, Tim Maia, Sandra de Sá, entre outros.";Rua Leopoldina de Camargo, 260;true;WhatsApp Image 2025-11-13 at 23.02.14 - TOOLS Produtora.jpg;;;;;;;;;;;;;;;;;
9;Alifer Ferraz;;2025-12-06;21:00;musica;Com uma voz marcante e carisma envolvente, Alifer Ferraz apresenta um show que atravessa gerações. No palco, o cantor mescla o melhor do sertanejo atual com grandes clássicos do gênero, criando uma experiência cheia de emoção, energia e identidade.;Rua Leopoldina de Camargo, 260;true;Alifer Ferraz.jpg;;;;;;;;;;;;;;;;;
10;Mamulengo Fanfarrosas;Cia Fanfarrosas;2025-12-07;18:00;teatro;Boneco fala, canta e apronta! Nesse espetáculo o grupo traz figuras que encontramos no cotidiano para o teatro de bonecos popular, com muita graça, música ao vivo, forró de rabeca e crítica bem-humorada, o público entra na roda e se diverte. Uma brincadeira para todas as idades!;Rua Leopoldina de Camargo, 260;true;grupo13506www.rafaelberezinski.com (1) - Fanfarrosas.jpg;;;;;;;;;;;;;;;;;
11;Paradinha da Rua de Natal;;2025-12-07;18:00;paradinha;Com muita música, brilho e alegria, a Paradinha da Rua de Natal abre o caminho da festa! Este ano, quem conduz o cortejo são as Guardiãs do Natal — Coralina, Bravalina, Risinho e Uny. Juntas, elas lideram o desfile pelas ruas do centro de Itapevi espalhando a magia. Colorida e vibrante, a paradinha tem início na Praça 18 de Fevereiro e convida o público a seguir junto até a Rua de Natal, para a realização do Espetáculo de Luzes. Nesses dias especiais, após o acendimento da rua, as Guardiãs sobem ao palco para a performance  “O Despertar das Guardiãs”.;Praça 18 de Fevereiro;true;paradinha da rua de natal.jpg;;;;;;;;;;;;;;;;;
12;Espetáculo de Luzes;;2025-12-07;19:00;espetaculodeluzes;"Diariamente a Rua de Natal ganha vida com vida com o Espetáculo de Luzes. A experiência imersiva e emocionante, transforma a rua em um cenário iluminado e repleto de encanto. 
Em 2025 quem conta essa história são as Guardiãs do Natal.  Elas convidam o público a embarcar nessa aventura até o grande momento do acendimento da Rua de Natal.";Rua Leopoldina de Camargo, 260;true;espetáculo de luzes.jpg;;;;;;;;;;;;;;;;;
13;Chegada do Papai Noel;;2025-12-07;19:00;papainoel;A Chegada do Papai Noel é o ponto alto das noites da Rua de Natal de Itapevi, e acontece logo após o Espetáculo de Luzes. O bom velhinho surge em meio ao brilho das luzes e à música, saudando o público. Após sua chegada, é oficialmente aberta a Vila do Natal — um espaço especialmente preparado para receber as crianças que desejam tirar fotos, entregar suas cartinhas e viver de perto a magia do Natal.;Rua Leopoldina de Camargo, 260;true;chegada do papai noel.jpg;;;;;;;;;;;;;;;;;
14;Mostra da Escola Livre de Dança de Itapevi;;2025-12-07;19:30;danca;A Mostra da Escola Livre de Dança de Itapevi reúne os alunos da Secretaria de Cultura de cidade em uma apresentação especial de fim de ano, criada para celebrar o aprendizado, a dedicação e a evolução artística de cada turma.;Rua Leopoldina de Camargo, 260;true;Mostra da Escola Livre.jpg;;;;;;;;;;;;;;;;;
15;Kivia Pascoal;;2025-12-07;21:00;musica;Com sua força vocal e acompanhada de sua banda, Kívia apresenta um show vibrante, trazendo grandes sucessos da música sertaneja contemporânea e canções do seu repertorio autoral.;Rua Leopoldina de Camargo, 260;true;Ensaio 1 - Kivia Pascoal.jpg;;;;;;;;;;;;;;;;;
16;Espetáculo de Luzes;;2025-12-08;19:00;espetaculodeluzes;"Diariamente a Rua de Natal ganha vida com vida com o Espetáculo de Luzes. A experiência imersiva e emocionante, transforma a rua em um cenário iluminado e repleto de encanto. 
Em 2025 quem conta essa história são as Guardiãs do Natal.  Elas convidam o público a embarcar nessa aventura até o grande momento do acendimento da Rua de Natal.";Rua Leopoldina de Camargo, 260;true;espetáculo de luzes.jpg;;;;;;;;;;;;;;;;;
17;Espetáculo de Luzes;;2025-12-09;19:00;espetaculodeluzes;"Diariamente a Rua de Natal ganha vida com vida com o Espetáculo de Luzes. A experiência imersiva e emocionante, transforma a rua em um cenário iluminado e repleto de encanto. 
Em 2025 quem conta essa história são as Guardiãs do Natal.  Elas convidam o público a embarcar nessa aventura até o grande momento do acendimento da Rua de Natal.";Rua Leopoldina de Camargo, 260;true;espetáculo de luzes.jpg;;;;;;;;;;;;;;;;;
18;Espetáculo de Luzes;;2025-12-10;19:00;espetaculodeluzes;"Diariamente a Rua de Natal ganha vida com vida com o Espetáculo de Luzes. A experiência imersiva e emocionante, transforma a rua em um cenário iluminado e repleto de encanto. 
Em 2025 quem conta essa história são as Guardiãs do Natal.  Elas convidam o público a embarcar nessa aventura até o grande momento do acendimento da Rua de Natal.";Rua Leopoldina de Camargo, 260;true;espetáculo de luzes.jpg;;;;;;;;;;;;;;;;;
19;Espetáculo de Luzes;;2025-12-11;19:00;espetaculodeluzes;"Diariamente a Rua de Natal ganha vida com vida com o Espetáculo de Luzes. A experiência imersiva e emocionante, transforma a rua em um cenário iluminado e repleto de encanto. 
Em 2025 quem conta essa história são as Guardiãs do Natal.  Elas convidam o público a embarcar nessa aventura até o grande momento do acendimento da Rua de Natal.";Rua Leopoldina de Camargo, 260;true;espetáculo de luzes.jpg;;;;;;;;;;;;;;;;;
20;0 (zero);Letícia Rodrigues;2025-12-12;18:00;danca;0 (zero) é uma intervenção artística que mobiliza e molda o ar, tornando-o visível, por meio de um objeto pneumático que convida todos para o flutuar e para mover essa matéria que está entre e em nós.;Rua Leopoldina de Camargo, 260;true;Foto 2_Céditos_wrzaratini - Letícia Rodrigues.jpg;;;;;;;;;;;;;;;;;
21;Paradinha da Rua de Natal;;2025-12-12;18:00;paradinha;Com muita música, brilho e alegria, a Paradinha da Rua de Natal abre o caminho da festa! Este ano, quem conduz o cortejo são as Guardiãs do Natal — Coralina, Bravalina, Risinho e Uny. Juntas, elas lideram o desfile pelas ruas do centro de Itapevi espalhando a magia. Colorida e vibrante, a paradinha tem início na Praça 18 de Fevereiro e convida o público a seguir junto até a Rua de Natal, para a realização do Espetáculo de Luzes. Nesses dias especiais, após o acendimento da rua, as Guardiãs sobem ao palco para a performance  “O Despertar das Guardiãs”.;Praça 18 de Fevereiro;true;paradinha da rua de natal.jpg;;;;;;;;;;;;;;;;;
22;Espetáculo de Luzes;;2025-12-12;19:00;espetaculodeluzes;"Diariamente a Rua de Natal ganha vida com vida com o Espetáculo de Luzes. A experiência imersiva e emocionante, transforma a rua em um cenário iluminado e repleto de encanto. 
Em 2025 quem conta essa história são as Guardiãs do Natal.  Elas convidam o público a embarcar nessa aventura até o grande momento do acendimento da Rua de Natal.";Rua Leopoldina de Camargo, 260;true;espetáculo de luzes.jpg;;;;;;;;;;;;;;;;;
23;Chegada do Papai Noel;;2025-12-12;19:00;papainoel;A Chegada do Papai Noel é o ponto alto das noites da Rua de Natal de Itapevi, e acontece logo após o Espetáculo de Luzes. O bom velhinho surge em meio ao brilho das luzes e à música, saudando o público. Após sua chegada, é oficialmente aberta a Vila do Natal — um espaço especialmente preparado para receber as crianças que desejam tirar fotos, entregar suas cartinhas e viver de perto a magia do Natal.;Rua Leopoldina de Camargo, 260;true;chegada do papai noel.jpg;;;;;;;;;;;;;;;;;
24;Congada de São Benedito de Cotia;;2025-12-12;19:30;musica;A Congada de São Benedito de Cotia é uma manifestação tradicional da cultura afro-brasileira que une fé, música e dança em homenagem a São Benedito. O grupo apresenta cânticos, tambores e coreografias que celebram a ancestralidade e a força da tradição quilombola e congadeira.;Rua Leopoldina de Camargo, 260;true;3a225de8-f910-4524-83a8-a393879ce93a - Japuara Produções.jpg;;;;;;;;;;;;;;;;;
26;Boogie-se;Cia Elektras Boogie;2025-12-13;18:00;danca;Apresentação interativa convida o público a conhecer de perto o universo da dança Popping. Mesclando dinâmicas lúdicas, práticas de dança e apresentação, o grupo passa por estilos como Robot, Wave, Boogaloo e Popping, que são utilizados como ferramentas de dança, diversão e arte.;Rua Leopoldina de Camargo, 260;true;ELEKTRAS_BOOGIE-SE_CRÉDITOS_DIEGO(GROOVE)HENRIQUE (1) - TOOLS Produtora.jpg;;;;;;;;;;;;;;;;;
27;Paradinha da Rua de Natal;;2025-12-13;18:00;paradinha;Com muita música, brilho e alegria, a Paradinha da Rua de Natal abre o caminho da festa! Este ano, quem conduz o cortejo são as Guardiãs do Natal — Coralina, Bravalina, Risinho e Uny. Juntas, elas lideram o desfile pelas ruas do centro de Itapevi espalhando a magia. Colorida e vibrante, a paradinha tem início na Praça 18 de Fevereiro e convida o público a seguir junto até a Rua de Natal, para a realização do Espetáculo de Luzes. Nesses dias especiais, após o acendimento da rua, as Guardiãs sobem ao palco para a performance  “O Despertar das Guardiãs”.;Praça 18 de Fevereiro;true;paradinha da rua de natal.jpg;;;;;;;;;;;;;;;;;
28;Espetáculo de Luzes;;2025-12-13;19:00;espetaculodeluzes;"Diariamente a Rua de Natal ganha vida com vida com o Espetáculo de Luzes. A experiência imersiva e emocionante, transforma a rua em um cenário iluminado e repleto de encanto. 
Em 2025 quem conta essa história são as Guardiãs do Natal.  Elas convidam o público a embarcar nessa aventura até o grande momento do acendimento da Rua de Natal.";Rua Leopoldina de Camargo, 260;true;espetáculo de luzes.jpg;;;;;;;;;;;;;;;;;
29;Chegada do Papai Noel;;2025-12-13;19:00;papainoel;A Chegada do Papai Noel é o ponto alto das noites da Rua de Natal de Itapevi, e acontece logo após o Espetáculo de Luzes. O bom velhinho surge em meio ao brilho das luzes e à música, saudando o público. Após sua chegada, é oficialmente aberta a Vila do Natal — um espaço especialmente preparado para receber as crianças que desejam tirar fotos, entregar suas cartinhas e viver de perto a magia do Natal.;Rua Leopoldina de Camargo, 260;true;chegada do papai noel.jpg;;;;;;;;;;;;;;;;;
30;Lechuga Circus;Cia Tramp de Palhaços;2025-12-13;19:30;circo;Chega o circo na cidade e quatro funcionários começam a preparar o picadeiro para o espetáculo. Ao encontrarem um baú, se divertem com as magníficas situações que aparecem a partir dos objetos guardados nele, realizando assim o sonho de poderem fazer parte deste fantástico mundo dos espetáculos circenses.;Rua Leopoldina de Camargo, 260;true;Lechuga Circus - Beatriz Pasrorini 04 (1) - Ator Luan Silva.jpg;;;;;;;;;;;;;;;;;
31;Victor Di França & Os Ponta de Lança ;;2025-12-13;21:00;musica;O Grupo Victor Di França & Os Ponta de Lança apresenta o espetáculo Origem do Meu Samba, com repertório autoral inspirado nas tradições nordestinas e afroindígenas. O show percorre ritmos como Coco de Roda, Ciranda, Samba de Roda e Pontos de Jurema e Candomblé, unindo poesia, percussão marcada, rabeca e violão em uma sonoridade vibrante. O grupo acaba de gravar o single Nas Pedras do Mar Caminhei, com lançamento previsto para o segundo semestre, que também integra o repertório do show.;Rua Leopoldina de Camargo, 260;true;WhatsApp Image 2025-11-13 at 18.08.02 - Gabriela Pereira.jpg;;;;;;;;;;;;;;;;;
32;Cantação de Brinquedos;Tapioca e Macaxeira;2025-12-14;18:00;teatro;Cantação de Brinquedos estimula a memória, o ritmo e a autoestima das crianças, valorizando tradições culturais e o prazer do brincar coletivo. Reavivar a ludicidade, a cultura e a cidadania por meio da música, do corpo, do ritmo e do brinquedo sonoro. ;Rua Leopoldina de Camargo, 260;true;Foto para divulgação 2 - Japuara Produções.jpg;;;;;;;;;;;;;;;;;
33;Paradinha da Rua de Natal;;2025-12-14;18:00;paradinha;Com muita música, brilho e alegria, a Paradinha da Rua de Natal abre o caminho da festa! Este ano, quem conduz o cortejo são as Guardiãs do Natal — Coralina, Bravalina, Risinho e Uny. Juntas, elas lideram o desfile pelas ruas do centro de Itapevi espalhando a magia. Colorida e vibrante, a paradinha tem início na Praça 18 de Fevereiro e convida o público a seguir junto até a Rua de Natal, para a realização do Espetáculo de Luzes. Nesses dias especiais, após o acendimento da rua, as Guardiãs sobem ao palco para a performance  “O Despertar das Guardiãs”.;Praça 18 de Fevereiro;true;paradinha da rua de natal.jpg;;;;;;;;;;;;;;;;;
34;Espetáculo de Luzes;;2025-12-14;19:00;;"Diariamente a Rua de Natal ganha vida com vida com o Espetáculo de Luzes. A experiência imersiva e emocionante, transforma a rua em um cenário iluminado e repleto de encanto. 
Em 2025 quem conta essa história são as Guardiãs do Natal.  Elas convidam o público a embarcar nessa aventura até o grande momento do acendimento da Rua de Natal.";Rua Leopoldina de Camargo, 260;true;espetáculo de luzes.jpg;;;;;;;;;;;;;;;;;
35;Chegada do Papai Noel;;2025-12-14;19:00;papainoel;A Chegada do Papai Noel é o ponto alto das noites da Rua de Natal de Itapevi, e acontece logo após o Espetáculo de Luzes. O bom velhinho surge em meio ao brilho das luzes e à música, saudando o público. Após sua chegada, é oficialmente aberta a Vila do Natal — um espaço especialmente preparado para receber as crianças que desejam tirar fotos, entregar suas cartinhas e viver de perto a magia do Natal.;Rua Leopoldina de Camargo, 260;true;chegada do papai noel.jpg;;;;;;;;;;;;;;;;;
36;Pabllo Vittar Cover ;;2025-12-14;19:30;danca;Pabllo Vittar Cover Oficial apresenta um show vibrante que celebra os maiores hits da carreira de Pabllo Vittar. Com performances cheias de energia, figurinos marcantes e coreografias que remetem aos grandes momentos da artista, o espetáculo recria a atmosfera dos palcos de Pabllo, fazendo o público cantar e dançar do início ao fim.;Rua Leopoldina de Camargo, 260;true;IMG_6018 - Celso Figueiredo.jpeg;;;;;;;;;;;;;;;;;
37;Banda Carambolá;;2025-12-14;21:00;musica;O show da Banda Carambolá trás composições próprias inspiradas em gigantes da música brasileira como Moacir Santos, John Coltrane, e o jazz e também toca o cancioneiro popular brasileiro como Carinhoso, Feijoada Completa e Clube da Esquina 2,  deixando a apresentação com muito balanço e improvisação sendo um convite para quem quer ouvir ou dançar, curtir o som da forma que quiser com muita energia e profundidade, para balançar o esqueleto.;Rua Leopoldina de Camargo, 260;true;IMG-20231218-WA0086 - João Nepomuceno.jpg;;;;;;;;;;;;;;;;;
38;Espetáculo de Luzes;;2025-12-15;19:00;espetaculodeluzes;"Diariamente a Rua de Natal ganha vida com vida com o Espetáculo de Luzes. A experiência imersiva e emocionante, transforma a rua em um cenário iluminado e repleto de encanto. 
Em 2025 quem conta essa história são as Guardiãs do Natal.  Elas convidam o público a embarcar nessa aventura até o grande momento do acendimento da Rua de Natal.";Rua Leopoldina de Camargo, 260;true;espetáculo de luzes.jpg;;;;;;;;;;;;;;;;;
39;Espetáculo de Luzes;;2025-12-16;19:00;espetaculodeluzes;"Diariamente a Rua de Natal ganha vida com vida com o Espetáculo de Luzes. A experiência imersiva e emocionante, transforma a rua em um cenário iluminado e repleto de encanto. 
Em 2025 quem conta essa história são as Guardiãs do Natal.  Elas convidam o público a embarcar nessa aventura até o grande momento do acendimento da Rua de Natal.";Rua Leopoldina de Camargo, 260;true;espetáculo de luzes.jpg;;;;;;;;;;;;;;;;;
40;Espetáculo de Luzes;;2025-12-17;19:00;espetaculodeluzes;"Diariamente a Rua de Natal ganha vida com vida com o Espetáculo de Luzes. A experiência imersiva e emocionante, transforma a rua em um cenário iluminado e repleto de encanto. 
Em 2025 quem conta essa história são as Guardiãs do Natal.  Elas convidam o público a embarcar nessa aventura até o grande momento do acendimento da Rua de Natal.";Rua Leopoldina de Camargo, 260;true;espetáculo de luzes.jpg;;;;;;;;;;;;;;;;;
41;Espetáculo de Luzes;;2025-12-18;19:00;espetaculodeluzes;"Diariamente a Rua de Natal ganha vida com vida com o Espetáculo de Luzes. A experiência imersiva e emocionante, transforma a rua em um cenário iluminado e repleto de encanto. 
Em 2025 quem conta essa história são as Guardiãs do Natal.  Elas convidam o público a embarcar nessa aventura até o grande momento do acendimento da Rua de Natal.";Rua Leopoldina de Camargo, 260;true;espetáculo de luzes.jpg;;;;;;;;;;;;;;;;;
42;Mostra da Escola Livre de Dança de Itapevi;;2025-12-19;18:00;danca;A Mostra da Escola Livre de Dança de Itapevi reúne os alunos da Secretaria de Cultura de cidade em uma apresentação especial de fim de ano, criada para celebrar o aprendizado, a dedicação e a evolução artística de cada turma.;Rua Leopoldina de Camargo, 260;true;Mostra da Escola Livre.jpg;;;;;;;;;;;;;;;;;
43;Paradinha da Rua de Natal;;2025-12-19;18:00;paradinha;Com muita música, brilho e alegria, a Paradinha da Rua de Natal abre o caminho da festa! Este ano, quem conduz o cortejo são as Guardiãs do Natal — Coralina, Bravalina, Risinho e Uny. Juntas, elas lideram o desfile pelas ruas do centro de Itapevi espalhando a magia. Colorida e vibrante, a paradinha tem início na Praça 18 de Fevereiro e convida o público a seguir junto até a Rua de Natal, para a realização do Espetáculo de Luzes. Nesses dias especiais, após o acendimento da rua, as Guardiãs sobem ao palco para a performance  “O Despertar das Guardiãs”.;Praça 18 de Fevereiro;true;paradinha da rua de natal.jpg;;;;;;;;;;;;;;;;;
44;Espetáculo de Luzes;;2025-12-19;19:00;espetaculodeluzes;"Diariamente a Rua de Natal ganha vida com vida com o Espetáculo de Luzes. A experiência imersiva e emocionante, transforma a rua em um cenário iluminado e repleto de encanto. 
Em 2025 quem conta essa história são as Guardiãs do Natal.  Elas convidam o público a embarcar nessa aventura até o grande momento do acendimento da Rua de Natal.";Rua Leopoldina de Camargo, 260;true;espetáculo de luzes.jpg;;;;;;;;;;;;;;;;;
45;Chegada do Papai Noel;;2025-12-19;19:00;papainoel;A Chegada do Papai Noel é o ponto alto das noites da Rua de Natal de Itapevi, e acontece logo após o Espetáculo de Luzes. O bom velhinho surge em meio ao brilho das luzes e à música, saudando o público. Após sua chegada, é oficialmente aberta a Vila do Natal — um espaço especialmente preparado para receber as crianças que desejam tirar fotos, entregar suas cartinhas e viver de perto a magia do Natal.;Rua Leopoldina de Camargo, 260;true;chegada do papai noel.jpg;;;;;;;;;;;;;;;;;
46;1, 2, 3 S.O.M.E - Espetáculo de Magia Espetácular;Núcleo Bassusseder;2025-12-19;19:30;circo;"Um pretenso “mestre da magia” realiza as mágicas, mas elas não saem da maneira como ele espera, o que é pra desaparecer se multiplica, a água que parecia ter acabado jorra sem explicação da garrafa.
Tudo isso com a relação dos palhaços que interagem diretamente com o público.";Rua Leopoldina de Camargo, 260;true;123 SOME - foto Leandro Godoi 01 - Leelas Produções.jpg;;;;;;;;;;;;;;;;;
47;Giancarllo e os Kazuarius;;2025-12-19;21:00;musica;Um show animado, descontraído e cheio de mensagens positivas, mesclando autorais com versões de grandes clássicos nacionais e alguns internacionais, Giancarllo e os Kazuarius vão fazer você dançar e saírem renovados!;Rua Leopoldina de Camargo, 260;true;IMG_20251107_200248 - Giancarllo.jpg;;;;;;;;;;;;;;;;;
48;Cabelos Afros que Contam Histórias;Cia Rabo de Cutia;2025-12-20;18:00;teatro;A jornada de uma menina africana cujo cabelo black power guarda a força ancestral e os segredos do povo negro. Inspirado na obra “O Mundo no Black Power de Tayó”, o espetáculo aborda a dor histórica, espiritualidade, oralidade, a reconstrução da identidade e a valorização da estética afro-brasileira.;Rua Leopoldina de Camargo, 260;true;35a57ca2-2b01-426e-93cf-2909ad5e8f82 - Contando Contos.jpg;;;;;;;;;;;;;;;;;
49;Paradinha da Rua de Natal;;2025-12-20;18:00;paradinha;"Com muita música, brilho e alegria, a Paradinha da Rua de Natal abre o caminho da festa! Este ano, quem conduz o cortejo são as Guardiãs do Natal — Coralina, Bravalina, Risinho e Uny. Juntas, elas lideram o desfile pelas ruas do centro de Itapevi espalhando a magia.

Colorida e vibrante, a paradinha tem início na Praça 18 de Fevereiro e convida o público a seguir junto até a Rua de Natal, para a realização do Espetáculo de Luzes. Nesses dias especiais, após o acendimento da rua, as Guardiãs sobem ao palco para a performance  “O Despertar das Guardiãs”.";Praça 18 de Fevereiro;true;paradinha da rua de natal.jpg;;;;;;;;;;;;;;;;;
50;Espetáculo de Luzes;;2025-12-20;19:00;espetaculodeluzes;"Diariamente a Rua de Natal ganha vida com vida com o Espetáculo de Luzes. A experiência imersiva e emocionante, transforma a rua em um cenário iluminado e repleto de encanto. 
Em 2025 quem conta essa história são as Guardiãs do Natal.  Elas convidam o público a embarcar nessa aventura até o grande momento do acendimento da Rua de Natal.";Rua Leopoldina de Camargo, 260;true;espetáculo de luzes.jpg;;;;;;;;;;;;;;;;;
51;Chegada do Papai Noel;;2025-12-20;19:00;papainoel;A Chegada do Papai Noel é o ponto alto das noites da Rua de Natal de Itapevi, e acontece logo após o Espetáculo de Luzes. O bom velhinho surge em meio ao brilho das luzes e à música, saudando o público. Após sua chegada, é oficialmente aberta a Vila do Natal — um espaço especialmente preparado para receber as crianças que desejam tirar fotos, entregar suas cartinhas e viver de perto a magia do Natal.;Rua Leopoldina de Camargo, 260;true;chegada do papai noel.jpg;;;;;;;;;;;;;;;;;
52;Respeitável Público;Cia Chalupa;2025-12-20;19:30;circo;Sob as luzes coloridas de um circo itinerante, artistas e espectadores se misturam em um espetáculo onde a vida real e a fantasia se confundem. O mestre de pista anuncia: “Respeitável público, o show vai começar!” ;Rua Leopoldina de Camargo, 260;true;IMG_1574 - Wil Souza.jpeg;;;;;;;;;;;;;;;;;
53;Clube do Balanço ;;2025-12-20;21:00;musica;Com mais de 25 anos, a banda Clube do Balanço, fundada por Marco Mattoli, segue firme pelo Brasil e pelo mundo com seu som paulistano difundindo a cultura do samba-rock. Desde a partida inesperada do seu fundador em agosto de 2022, a banda vem superando desafios e realizando grandes shows em Festivais, Sesc’s e Centros Culturais além de grandes bailes na cidade de São Paulo. Clube do Balanço mantém-se com os mesmos músicos desde a sua formação e mostra que a boa música popular cresce, contribui e evolui junto a cultura brasileira se mantendo fiel a sua origem com uma sonoridade única e um swing brasileiro inconfundível. ;Rua Leopoldina de Camargo, 260;true;Ediçãoemalta - Kika Silva Produtora Artística.jpg;;;;;;;;;;;;;;;;;
54;Rainha Quelé;Cia Canto de Omiô;2025-12-21;18:00;teatro;Clementina de Jesus, uma das maiores sambistas de todos os tempos, é um verdadeiro símbolo de força e resiliência feminina. Convidamos toda a família a embarcar na trajetória dessa mulher extraordinária e celebrar seus sambas e jongos vibrantes. Venham brincar e se encantar com o legado de uma rainha da música brasileira!;Rua Leopoldina de Camargo, 260;true;Rainha Quelé - Creditos Melissa Flor  (1) - Natália Santos.jpg;;;;;;;;;;;;;;;;;
55;Paradinha da Rua de Natal;;2025-12-21;18:00;paradinha;Com muita música, brilho e alegria, a Paradinha da Rua de Natal abre o caminho da festa! Este ano, quem conduz o cortejo são as Guardiãs do Natal — Coralina, Bravalina, Risinho e Uny. Juntas, elas lideram o desfile pelas ruas do centro de Itapevi espalhando a magia. Colorida e vibrante, a paradinha tem início na Praça 18 de Fevereiro e convida o público a seguir junto até a Rua de Natal, para a realização do Espetáculo de Luzes. Nesses dias especiais, após o acendimento da rua, as Guardiãs sobem ao palco para a performance  “O Despertar das Guardiãs”.;Praça 18 de Fevereiro;true;paradinha da rua de natal.jpg;;;;;;;;;;;;;;;;;
56;Espetáculo de Luzes;;2025-12-21;19:00;espetaculodeluzes;"Diariamente a Rua de Natal ganha vida com vida com o Espetáculo de Luzes. A experiência imersiva e emocionante, transforma a rua em um cenário iluminado e repleto de encanto. 
Em 2025 quem conta essa história são as Guardiãs do Natal.  Elas convidam o público a embarcar nessa aventura até o grande momento do acendimento da Rua de Natal.";Rua Leopoldina de Camargo, 260;true;espetáculo de luzes.jpg;;;;;;;;;;;;;;;;;
57;Chegada do Papai Noel;;2025-12-21;19:00;papainoel;A Chegada do Papai Noel é o ponto alto das noites da Rua de Natal de Itapevi, e acontece logo após o Espetáculo de Luzes. O bom velhinho surge em meio ao brilho das luzes e à música, saudando o público. Após sua chegada, é oficialmente aberta a Vila do Natal — um espaço especialmente preparado para receber as crianças que desejam tirar fotos, entregar suas cartinhas e viver de perto a magia do Natal.;Rua Leopoldina de Camargo, 260;true;chegada do papai noel.jpg;;;;;;;;;;;;;;;;;
58;Raiow Rainhas;Grupo Rainhas do Radiador;2025-12-21;19:30;circo;"O circo chegou trazendo as atrações mais espetaculares do momento. Você não pode perder as finais do campeonato de Luta Livre, as composições da banda, as mágicas e ilusionismos das trigêmeas SimSalaBim e muito mais! Ocupando o centro do picadeiro e essas três palhaças pra lá de atrapalhadas prometem abalar as estruturas com toda sua potência e irradiação!
";Rua Leopoldina de Camargo, 260;true;_RIC3575 - Rainhas do Radiador.jpg;;;;;;;;;;;;;;;;;
59;Dkassia;;2025-12-21;21:00;musica;Neste show DKassia reverencia as mulheres do samba, apresentando um repertório com clássicos que vão desde a década de 80 e  até a atualidade.;Rua Leopoldina de Camargo, 260;true;;;;;;;;;;;;;;;;;;
60;Brinquedos e Histórias de Cantar e Encantar ;Agbalá Conta;2025-12-22;18:00;teatro;Uma contação de histórias repleta de brincadeiras musicais e corporais da cultura preta brasileira e africana, com narrativas que envolvem as crianças e seus acompanhantes. A proposta valoriza oralidade, ancestralidade e ludicidade por meio de músicas, gestos e histórias tradicionais.;Rua Leopoldina de Camargo, 260;true;IMG_6597 - Contando Contos.jpg;;;;;;;;;;;;;;;;;
61;Paradinha da Rua de Natal;;2025-12-22;18:00;paradinha;Com muita música, brilho e alegria, a Paradinha da Rua de Natal abre o caminho da festa! Este ano, quem conduz o cortejo são as Guardiãs do Natal — Coralina, Bravalina, Risinho e Uny. Juntas, elas lideram o desfile pelas ruas do centro de Itapevi espalhando a magia. Colorida e vibrante, a paradinha tem início na Praça 18 de Fevereiro e convida o público a seguir junto até a Rua de Natal, para a realização do Espetáculo de Luzes. Nesses dias especiais, após o acendimento da rua, as Guardiãs sobem ao palco para a performance  “O Despertar das Guardiãs”.;Praça 18 de Fevereiro;true;paradinha da rua de natal.jpg;;;;;;;;;;;;;;;;;
62;Espetáculo de Luzes;;2025-12-22;19:00;;"Diariamente a Rua de Natal ganha vida com vida com o Espetáculo de Luzes. A experiência imersiva e emocionante, transforma a rua em um cenário iluminado e repleto de encanto. 
Em 2025 quem conta essa história são as Guardiãs do Natal.  Elas convidam o público a embarcar nessa aventura até o grande momento do acendimento da Rua de Natal.";Rua Leopoldina de Camargo, 260;true;espetáculo de luzes.jpg;;;;;;;;;;;;;;;;;
63;Chegada do Papai Noel;;2025-12-22;19:00;papainoel;A Chegada do Papai Noel é o ponto alto das noites da Rua de Natal de Itapevi, e acontece logo após o Espetáculo de Luzes. O bom velhinho surge em meio ao brilho das luzes e à música, saudando o público. Após sua chegada, é oficialmente aberta a Vila do Natal — um espaço especialmente preparado para receber as crianças que desejam tirar fotos, entregar suas cartinhas e viver de perto a magia do Natal.;Rua Leopoldina de Camargo, 260;true;chegada do papai noel.jpg;;;;;;;;;;;;;;;;;
64;Lindy Hop - Um Jazz para Dançar ;That Swing Dance Company;2025-12-22;19:30;danca;"Lindy Hop - Um Jazz para Dançar é um espetáculo que convida o público para uma verdadeira aventura dançante, mergulhando na cultura do jazz afro-americano e no estilo único do Lindy Hop. 
Com bom humor e muita energia, a apresentação celebra as danças vintage, o poder da expressão individual e a alegria de dançar como se não houvesse amanhã. Uma experiência leve, divertida e cativante — perfeita para todas as idades! ";Rua Leopoldina de Camargo, 260;true;lindy hop um jazz para dançar_thatswingdancecompany_FOTO SERGIO FERNANDES (1) - TOOLS Produtora.jpg;;;;;;;;;;;;;;;;;
65;A Black Z - Tributo a Black Music Brasileira;;2025-12-22;21:00;musica;A BLACK Z apresenta uma cuidadosa seleção de clássicos que marcam a trajetória da música preta no Brasil até a cena contemporânea, enfatizando o  papel da arte como ferramenta de resistência durante período da ditadura  militar. ;Rua Leopoldina de Camargo, 260;true;FB_IMG_1763139022716 - A BLACK Z.jpg;;;;;;;;;;;;;;;;;
66;Hoje Tem Espetáculo!;Galactica Circo;2025-12-23;18:00;circo;Hoje Têm Espetáculo! é um show de variedades circenses com apresentações de Malabarismo, Bambolê, Acrobacia cômicas, Trapézio e a presença inigualavel de Mixuruca: o palhaço musical, que, com objetos inusitados como garrafas, serrote, e sinos, faz com que o público seja parte de uma grande orquestra.;Rua Leopoldina de Camargo, 260;true;2023.12.23_D12 Rua de Natal_@FelipeBarrosPhotos-79.jpg;;;;;;;;;;;;;;;;;
67;Paradinha da Rua de Natal;;2025-12-23;18:00;paradinha;Com muita música, brilho e alegria, a Paradinha da Rua de Natal abre o caminho da festa! Este ano, quem conduz o cortejo são as Guardiãs do Natal — Coralina, Bravalina, Risinho e Uny. Juntas, elas lideram o desfile pelas ruas do centro de Itapevi espalhando a magia. Colorida e vibrante, a paradinha tem início na Praça 18 de Fevereiro e convida o público a seguir junto até a Rua de Natal, para a realização do Espetáculo de Luzes. Nesses dias especiais, após o acendimento da rua, as Guardiãs sobem ao palco para a performance  “O Despertar das Guardiãs”.;Praça 18 de Fevereiro;true;paradinha da rua de natal.jpg;;;;;;;;;;;;;;;;;
68;Espetáculo de Luzes;;2025-12-23;19:00;espetaculodeluzes;"Diariamente a Rua de Natal ganha vida com vida com o Espetáculo de Luzes. A experiência imersiva e emocionante, transforma a rua em um cenário iluminado e repleto de encanto. 
Em 2025 quem conta essa história são as Guardiãs do Natal.  Elas convidam o público a embarcar nessa aventura até o grande momento do acendimento da Rua de Natal.";Rua Leopoldina de Camargo, 260;true;espetáculo de luzes.jpg;;;;;;;;;;;;;;;;;
69;Chegada do Papai Noel;;2025-12-23;19:00;papainoel;A Chegada do Papai Noel é o ponto alto das noites da Rua de Natal de Itapevi, e acontece logo após o Espetáculo de Luzes. O bom velhinho surge em meio ao brilho das luzes e à música, saudando o público. Após sua chegada, é oficialmente aberta a Vila do Natal — um espaço especialmente preparado para receber as crianças que desejam tirar fotos, entregar suas cartinhas e viver de perto a magia do Natal.;Rua Leopoldina de Camargo, 260;true;chegada do papai noel.jpg;;;;;;;;;;;;;;;;;
70;Encantos Amazônicos;Grupo Cultural Yandê TransPará;2025-12-23;19:30;danca;"O projeto ""Espetáculo Encantos Amazônicos"" tem como objetivo apresentar a cultura, ritmos, danças e coreografias da Amazônia, como carimbó, lundu marajoara, dança do boto, Pretinha da Angola e dança da sereia. Para isso, serão utilizadas indumentárias específicas para cada ritmo, e sonoplastia, a fim de envolver o público para participar junto com o grupo. O ""Espetáculo Encantos Amazônicos"" celebra a riqueza cultural e os encantos desta região, por meio da dança e contando com a participação do público.";Rua Leopoldina de Camargo, 260;true;IMG_5761 - Adria Fortes.jpg;;;;;;;;;;;;;;;;;
71;Alex Batuca Brasil;;2025-12-23;21:00;musica;Nesse show vibrante Alex Batuca Brasil apresenta  ritmos populares do Carnaval e grandes sucessos do samba.;Rua Leopoldina de Camargo, 260;true;WhatsApp Image 2025-06-24 at 17.15.39 - Alex Allan.jpg;;;;;;;;;;;;;;;;;
